{
  "network_id": "M2M1S1_max_plus",
  "number_of_populations": 6258,
  "number_input_vertices": 6260,
  "Syn_proj": 29100,
  "elect_proj": 16690,
  "Intra-Region_edges": 1640222,
  "Inter-Region_edges": 820111,
  "Intra-e_type_edges": 1640222,
  "Inter-e_type_edges": 820111,
  "Intra-Layer_edges": 1845250,
  "Inter-Layer_edges": 615083,
  "Intra-m_type_edges": 1640222,
  "Inter-m_type_edges": 820111,
  "Intra-Vprefix_edges": 1845250,
  "Inter-Vprefix_edges": 615083,
  "main_edges": 2460333,
  "ilist_edges": 6260,
  "Nodes": 6258,
  "Edges": 45790,
  "avg_degree": 787.0547024952016,
  "std_degree": 778.5175981045647,
  "spectral_radius": 787.0547024952016,
  "mixing_time": 787.5548083751945,
  "assortativity": 0.8400711521699952,
  "clustering": 0.9203941461499274,
  "pseudo_diameter": 1.3109216545532552,
  "S": 1.0
}