{
  "network_id": "max_CTC_plus",
  "number_of_populations": 1043,
  "number_input_vertices": 1043,
  "Syn_proj": 1377,
  "elect_proj": 1043,
  "Intra-Region_edges": 56620,
  "Inter-Region_edges": 28309,
  "Intra-e_type_edges": 56620,
  "Inter-e_type_edges": 28309,
  "Intra-Layer_edges": 63697,
  "Inter-Layer_edges": 21232,
  "Intra-m_type_edges": 56620,
  "Inter-m_type_edges": 28309,
  "Intra-Vprefix_edges": 63697,
  "Inter-Vprefix_edges": 21232,
  "main_edges": 84929,
  "ilist_edges": 1043,
  "Nodes": 1043,
  "Edges": 2420,
  "avg_degree": 162.85522531160115,
  "std_degree": 61.17150605817047,
  "spectral_radius": 162.85522531160115,
  "mixing_time": 163.3557370132119,
  "assortativity": 0.9198111768856905,
  "clustering": 0.362631090787201,
  "pseudo_diameter": 1.3646269968590041,
  "S": 1.0
}